DateTime,Entries,UniqueIPs
1573836071,11,11
1573842045,13,13
1573845866,13,13
1573847782,12,12
1573857889,13,13
1573861955,13,13
1573863902,15,15
1573874452,16,16
1573876340,17,17
1573878278,18,18
1573880175,19,19
1573894363,16,16
1573898728,15,15
1573906586,16,16
1573912390,14,14
1573916215,16,16
1573920573,17,17
1573922441,16,16
1573924361,17,17
1573928196,15,15
1573932280,14,14
1573938535,15,15
1573940437,16,16
1573944280,15,15
1573950057,13,13
1573951976,14,14
1573962038,13,13
1573964207,12,12
1573966118,13,13
1573968038,14,14
1573971876,15,15
1573973827,16,16
1573979796,17,17
1573981721,14,14
1573985579,15,15
1573993643,14,14
1573997777,13,13
1574001627,13,13
1574003803,13,13
1574005707,13,13
1574009551,13,13
1574023277,14,14
1574027063,13,13
1574032839,14,14
1574052739,13,13
1574054689,12,12
1574058747,12,12
1574060923,13,13
1574066934,9,9
1574070756,8,8
1574086641,7,7
1574088558,7,7
1574090453,8,8
1574092591,7,7
1574094538,6,6
1574104382,7,7
1574110361,6,6
1574112307,7,7
1574116364,8,8
1574118390,7,7
1574131956,8,8
1574138205,9,9
1574140374,11,11
1574142262,12,12
1574146339,11,11
1574148293,12,12
1574154760,11,11
1574156668,12,12
1574158651,13,13
1574166516,14,14
1574175899,12,12
1574185948,14,14
1574189773,13,13
1574203458,12,12
1574205627,13,13
1574209478,15,15
1574213790,16,16
1574219556,17,17
1574225540,16,16
1574239465,10,10
1574241405,11,11
1574243562,10,10
1574245460,9,9
1574253638,9,9
1574257701,10,10
1574271169,9,9
1574273100,8,8
1574275224,9,9
1574277440,10,10
1574279326,11,11
1574285076,12,12
1574288898,14,14
1574291072,15,15
1574292995,14,14
1574296823,13,13
1574298764,12,12
1574302601,13,13
1574304499,13,13
1574313880,14,14
1574325880,14,14
1574327824,14,14
1574335479,15,15
1574341509,14,14
1574343382,14,14
1574351573,16,16
1574359977,17,17
1574361859,17,17
1574364028,16,16
1574365935,16,16
1574372418,15,15
1574378416,16,16
1574380337,17,17
1574388232,16,16
1574390424,15,15
1574400268,14,14
1574404363,15,15
1574412020,14,14
1574413967,11,11
1574421630,10,10
1574425476,11,11
1574427423,12,12
1574429322,13,13
1574435551,16,16
1574443483,17,17
1574445393,16,16
1574447310,15,15
1574459327,12,12
1574463389,13,13
1574465297,14,14
1574467325,13,13
1574471132,15,15
1574480686,16,16
1574484760,17,17
1574492740,18,18
1574494593,19,19
1574498668,17,17
1574500624,17,17
1574510592,19,19
1574512587,18,18
1574514528,17,17
1574516429,17,17
1574520524,19,19
1574522428,16,16
1574524344,17,17
1574529378,16,16
1574535869,17,17
1574539942,18,18
1574541937,19,19
1574543796,20,20
1574547880,21,21
1574549778,20,20
1574561943,21,21
1574567789,20,20
1574574760,21,21
1574582705,23,23
1574584597,23,23
1574586548,17,17
1574596374,15,15
1574602111,14,14
1574606217,12,12
1574610065,12,12
1574621817,11,11
1574627857,10,10
1574633560,9,9
1574635499,10,10
1574647000,13,13
1574653227,14,14
1574658989,16,16
1574661149,15,15
1574669317,14,14
1574671487,15,15
1574673654,11,11
1574683775,12,12
1574695241,13,13
1574697175,12,12
1574715177,11,11
1574725013,12,12
1574752370,13,13
1574754263,14,14
1574756207,7,7
1574758112,5,5
1574767703,9,9
1574770000,9,9
1574771818,11,11
1574777585,12,12
1574781430,11,11
1574788615,12,12
1574790523,14,14
1574792491,16,16
1574798206,17,17
1574802535,19,19
1574804448,20,20
1574819782,21,21
1574821971,24,24
1574827966,25,25
1574829876,26,26
1574842036,25,25
1574845971,24,24
1574849828,25,25
1574853892,21,21
1574856372,20,20
1574858461,18,18
1574864211,17,17
1574868273,18,18
1574872373,19,19
1574874326,19,19
1574876220,18,18
1574878112,16,16
1574883871,15,15
1574893957,17,17
1574899730,18,18
1574907387,19,19
1574909316,18,18
1574913904,19,19
1574916049,18,18
1574917982,19,19
1574925881,20,20
1574930430,14,14
1574932623,13,13
1574936464,12,12
1574954001,11,11
1574957844,11,11
1574963585,11,11
1574965464,11,11
1574977745,13,13
1574979869,14,14
1574981780,14,14
1574984025,15,15
1574985966,16,16
1574990361,17,17
1574992359,16,16
1574996196,18,18
1574998272,18,18
1575004134,17,17
1575009893,18,18
1575011814,17,17
1575015626,18,18
1575017573,17,17
1575021411,18,18
1575025537,19,19
1575035126,20,20
1575040187,21,21
1575042225,23,23
1575044316,22,22
1575046449,25,25
1575051429,24,24
1575053287,24,24
1575059695,23,23
1575063403,22,22
1575065333,20,20
1575069410,21,21
1575073247,22,22
1575075133,22,22
1575077319,23,23
1575081641,24,24
1575083570,23,23
1575087625,24,24
1575093385,25,25
1575095307,24,24
1575099402,25,25
1575101352,24,24
1575103220,19,19
1575105162,20,20
1575107062,20,20
1575111139,20,20
1575114976,21,21
1575117149,22,22
1575119315,23,23
1575121229,22,22
1575127012,21,21
1575128917,19,19
1575130844,20,20
1575132759,17,17
1575136614,18,18
1575138771,17,17
1575142815,18,18
1575144777,19,19
1575146674,20,20
1575148599,19,19
1575150747,21,21
1575156757,20,20
1575158930,21,21
1575160821,20,20
1575162747,19,19
1575164689,20,20
1575166831,19,19
1575168738,20,20
1575173139,21,21
1575178823,20,20
1575180780,22,22
1575186508,21,21
1575190356,19,19
1575192265,18,18
1575194200,17,17
1575196117,16,16
1575200179,17,17
1575202126,16,16
1575204090,17,17
1575206210,16,16
1575208134,17,17
1575217700,16,16
1575222046,16,16
1575223944,17,17
1575229948,16,16
1575231874,14,14
1575235754,13,13
1575255377,12,12
1575259832,11,11
1575265471,10,10
1575277573,6,6
1575287121,5,5
1575291170,3,3
1575295030,2,2
1575308933,1,1
1575310835,1,1
1575314694,2,2
1575389800,3,3
1575397482,3,3
1575401325,2,2
1575421415,3,3
1575451246,4,4
1575468995,5,5
1575477863,4,4
1575493976,3,3
1575507864,2,2
1575537383,1,1
1575553998,0,0
1575602194,1,1
1575607946,2,2
1575615887,3,3
1575700404,2,2
1575706589,0,0
1575711874,1,1
1575796383,0,0
1575809557,1,1
1575838583,2,2
1575840498,3,3
1575856093,4,4
1575886599,6,6
1575896187,5,5
1575902437,6,6
1575916115,8,8
1575926243,7,7
1575943942,8,8
1575967725,6,6
1575971602,7,7
1575973462,6,6
1576003483,4,4
1576005643,3,3
1576055114,1,1
1576071638,0,0
1576139072,1,1
1576194738,2,2
1576261695,1,1
1576310182,0,0
1576369241,1,1
1576373091,2,2
1576388687,3,3
1576420431,4,4
1576442195,5,5
1576444109,6,6
1576475779,5,5
1576482043,7,7
1576484214,5,5
1576505849,4,4
1576513714,5,5
1576518043,6,6
1576528391,5,5
1576530648,4,4
1576568429,2,2
1576600599,3,3
1576604421,3,3
1576606361,4,4
1576608274,5,5
1576620314,6,6
1576685568,5,5
1576687457,4,4
1576689413,5,5
1576691329,4,4
1576693230,3,3
1576695133,2,2
1576703324,3,3
1576707149,2,2
1576719146,3,3
1576726821,4,4
1576777217,3,3
1576788973,2,2
1576831942,1,1
1576885456,0,0
1576891940,1,1
1576926989,2,2
1576964188,3,3
1576979794,2,2
1577013155,1,1
1577042676,2,2
1577050825,1,1
1577056608,2,2
1577068111,3,3
1577127171,5,5
1577129104,4,4
1577136998,5,5
1577138980,6,6
1577144664,7,7
1577150443,9,9
1577152433,11,11
1577154292,11,11
1577158352,13,13
1577160292,14,14
1577166104,16,16
1577170101,18,18
1577177781,20,20
1577187641,21,21
1577189570,22,22
1577199188,23,23
1577210954,24,24
1577212821,23,23
1577214756,23,23
1577216700,25,25
1577218846,26,26
1577220765,27,27
1577224592,26,26
1577230599,26,26
1577236828,27,27
1577238738,25,25
1577240687,26,26
1577246719,27,27
1577248598,28,28
1577251454,27,27
1577254833,29,29
1577256736,28,28
1577260606,29,29
1577262495,22,22
1577264716,21,21
1577268992,22,22
1577271141,23,23
1577273061,24,24
1577275000,25,25
1577276915,24,24
1577283143,25,25
1577285079,24,24
1577289156,25,25
1577291094,26,26
1577292999,27,27
1577297097,26,26
1577299006,26,26
1577300910,27,27
1577302832,26,26
1577304780,25,25
1577306681,25,25
1577308938,26,26
1577312781,27,27
1577316509,29,29
1577320830,30,30
1577322744,29,29
1577324675,28,28
1577326586,27,27
1577328516,28,28
1577332346,29,29
1577336193,32,32
1577338112,32,32
1577342210,34,34
1577346055,35,35
1577348225,36,36
1577350381,32,32
1577352310,33,33
1577354237,34,34
1577356117,35,35
1577360449,33,33
1577362368,34,34
1577364271,35,35
1577368120,34,34
1577375779,33,33
1577377962,32,32
1577379797,31,31
1577382064,34,34
1577385860,32,32
1577387805,31,31
1577389737,30,30
1577391619,31,31
1577393572,32,32
1577397389,33,33
1577399306,35,35
1577403376,34,34
1577405561,35,35
1577407458,34,34
1577411296,35,35
1577413217,36,36
1577415171,35,35
1577418999,35,35
1577420899,38,38
1577423137,37,37
1577427139,39,39
1577429078,40,40
1577430982,42,42
1577433148,41,41
1577435060,35,35
1577436993,35,35
1577438896,37,37
1577441125,36,36
1577443222,35,35
